Date,Price,Open,High,Low,Change %,Vol.
2018-01-02,161.28,161.78,161.78,161.18,-0.25%,485600
2018-01-03,161.58,161.26,161.82,161.20,0.19%,604240
2018-01-04,161.59,161.44,161.75,161.26,0.01%,640610
2018-01-05,161.59,161.70,161.87,161.50,0.00%,467090
2018-01-08,161.80,161.64,162.04,161.39,0.13%,454690
2018-01-09,161.30,161.67,162.00,161.20,-0.31%,719570
2018-01-10,161.07,161.00,161.37,160.91,-0.14%,870620
2018-01-11,160.31,161.38,161.55,160.27,-0.47%,1060000
2018-01-12,160.38,160.42,160.65,160.11,0.04%,781170
2018-01-15,160.34,160.59,160.76,160.30,-0.02%,328100
2018-01-16,160.77,160.46,160.97,160.41,0.27%,632570
2018-01-17,160.82,160.78,160.97,160.65,0.03%,514180
2018-01-18,160.58,160.62,160.70,160.30,-0.15%,613310
2018-01-19,160.66,160.42,160.85,160.31,0.05%,530110
2018-01-22,160.74,160.55,160.82,160.38,0.05%,432970
2018-01-23,160.80,160.70,161.13,160.68,0.04%,605820
2018-01-24,160.40,160.85,160.85,160.32,-0.25%,675760
2018-01-25,160.05,160.57,160.75,159.66,-0.22%,1010000
2018-01-26,159.79,160.15,160.36,159.74,-0.16%,751020
2018-01-29,158.71,159.59,159.64,158.66,-0.68%,1020000
2018-01-30,158.91,158.74,159.18,158.73,0.13%,840360
2018-01-31,158.82,158.96,159.33,158.50,-0.06%,917380
2018-02-01,158.60,158.55,158.81,158.15,-0.14%,1080000
2018-02-02,157.87,158.17,158.36,157.71,-0.46%,1030000
2018-02-05,158.09,157.67,159.30,157.62,0.14%,871670
2018-02-06,158.86,158.96,159.24,158.48,0.49%,1270000
2018-02-07,158.23,158.68,158.92,157.92,-0.40%,928910
2018-02-08,157.74,157.92,158.23,157.26,-0.31%,1160000
2018-02-09,158.04,158.05,158.65,157.70,0.19%,920810
2018-02-12,157.97,157.75,158.17,157.54,-0.04%,636370
2018-02-13,158.11,158.03,158.44,157.95,0.09%,664400
2018-02-14,157.98,158.25,158.38,157.65,-0.08%,782150
2018-02-15,157.88,157.65,158.01,157.42,-0.06%,720050
2018-02-16,158.61,157.76,158.78,157.65,0.46%,575900
2018-02-19,158.27,158.49,158.53,158.17,-0.21%,338580
2018-02-20,158.39,158.17,158.55,157.90,0.08%,614790
2018-02-21,158.51,158.41,158.85,158.17,0.08%,675670
2018-02-22,158.76,158.24,158.85,158.18,0.16%,630340
2018-02-23,159.48,158.68,159.66,158.68,0.45%,777960
2018-02-26,159.56,159.65,159.67,159.25,0.05%,678750
2018-02-27,159.20,159.45,159.51,159.05,-0.23%,813660
2018-02-28,159.44,159.24,159.52,159.03,0.15%,701490
2018-03-01,159.70,159.45,160.09,159.44,0.16%,959070
2018-03-02,159.77,159.90,160.21,159.58,0.04%,912660
2018-03-05,159.88,160.00,160.38,159.41,0.07%,1500000.00
2018-03-06,159.25,159.54,159.74,158.89,-0.39%,1620000
2018-03-07,159.43,159.43,159.63,159.26,0.11%,357290
2018-03-08,159.36,159.40,159.56,159.32,-0.04%,12680
2018-03-09,156.98,157.15,157.25,156.88,-1.49%,527880
2018-03-12,157.27,157.00,157.36,156.91,0.18%,440190
2018-03-13,157.47,157.25,157.61,157.17,0.13%,682430
2018-03-14,157.94,157.62,157.97,157.34,0.30%,674070
2018-03-15,158.14,157.85,158.24,157.81,0.13%,606430
2018-03-16,158.19,158.24,158.35,157.98,0.03%,466020
2018-03-19,158.23,158.16,158.30,157.67,0.03%,655360
2018-03-20,158.06,158.12,158.17,157.91,-0.11%,501560
2018-03-21,157.88,158.00,158.10,157.75,-0.11%,490660
2018-03-22,158.96,158.09,159.00,158.05,0.68%,948820
2018-03-23,158.87,158.90,159.01,158.55,-0.06%,714820
2018-03-26,158.93,158.87,158.95,158.59,0.04%,539220
2018-03-27,159.23,158.77,159.42,158.73,0.19%,733470
2018-03-28,159.31,159.30,159.69,159.12,0.05%,824210
2018-03-29,159.43,159.24,159.48,159.14,0.08%,578410
2018-04-03,159.30,159.57,159.61,159.07,-0.08%,702620
2018-04-04,159.47,159.28,159.66,159.22,0.11%,705990
2018-04-05,159.11,159.22,159.26,158.89,-0.23%,720300
2018-04-06,159.50,159.24,159.57,159.15,0.25%,531410
2018-04-09,159.30,159.44,159.49,159.24,-0.13%,487940
2018-04-10,159.05,159.34,159.59,159.00,-0.16%,877260
2018-04-11,159.50,159.17,159.65,159.17,0.28%,665490
2018-04-12,159.29,159.40,159.52,159.15,-0.13%,659300
2018-04-13,159.34,159.29,159.37,158.95,0.03%,600230
2018-04-16,159.15,159.24,159.27,158.74,-0.12%,622220
2018-04-17,159.34,159.09,159.45,158.95,0.12%,584950
2018-04-18,159.05,159.26,159.55,158.96,-0.18%,753070
2018-04-19,158.17,159.03,159.04,158.06,-0.55%,1090000
2018-04-20,158.13,158.28,158.40,157.90,-0.03%,744540
2018-04-23,157.80,157.88,157.97,157.62,-0.21%,861850
2018-04-24,157.76,157.88,158.04,157.43,-0.03%,759490
2018-04-25,157.72,157.88,157.88,157.45,-0.03%,741000
2018-04-26,158.31,157.79,158.46,157.74,0.37%,752360
2018-04-27,158.66,158.38,158.78,158.38,0.22%,647940
2018-04-30,158.74,158.64,158.91,158.38,0.05%,606830
2018-05-02,158.59,158.68,158.70,158.44,-0.09%,612130
2018-05-03,159.26,158.65,159.35,158.43,0.42%,894940
2018-05-04,159.08,159.14,159.39,159.05,-0.11%,626750
2018-05-07,159.31,159.10,159.42,159.07,0.14%,254130
2018-05-08,158.85,159.25,159.28,158.77,-0.29%,547050
2018-05-09,158.85,158.79,158.90,158.52,0.00%,585280
2018-05-10,159.07,158.84,159.25,158.81,0.14%,572670
2018-05-11,158.85,158.92,159.16,158.79,-0.14%,421370
2018-05-14,158.14,158.98,159.01,158.12,-0.45%,747330
2018-05-15,157.76,158.13,158.17,157.61,-0.24%,832070
2018-05-16,158.18,157.90,158.50,157.84,0.27%,1090000
2018-05-17,157.87,158.02,158.39,157.73,-0.20%,905260
2018-05-18,158.67,157.82,158.82,157.80,0.51%,777690
2018-05-21,159.24,158.64,159.50,158.61,0.36%,803280
2018-05-22,158.90,159.38,159.43,158.74,-0.21%,958510
2018-05-23,159.76,159.06,159.84,159.03,0.54%,1200000.00
2018-05-24,160.22,159.70,160.29,159.31,0.29%,1060000
2018-05-25,161.02,160.09,161.34,160.05,0.50%,1330000
2018-05-28,161.93,160.75,162.00,160.29,0.57%,857650
2018-05-29,162.80,161.86,164.15,161.79,0.54%,1720000
2018-05-30,162.02,163.04,163.06,161.41,-0.48%,1630000
2018-05-31,162.14,161.75,162.23,160.95,0.07%,1470000
2018-06-01,161.46,161.67,161.83,160.99,-0.42%,1230000
2018-06-04,160.89,161.24,161.42,160.78,-0.35%,1740000
2018-06-05,161.46,160.82,161.68,160.81,0.35%,1890000
2018-06-06,160.24,161.06,161.32,159.94,-0.76%,600580
2018-06-07,159.57,160.12,160.14,159.54,-0.42%,31810
2018-06-08,160.40,160.23,161.13,160.18,0.52%,959960
2018-06-11,159.74,160.22,160.22,159.55,-0.41%,623120
2018-06-12,159.85,159.84,159.92,159.37,0.07%,634990
2018-06-13,160.07,159.80,160.22,159.63,0.14%,620450
2018-06-14,160.71,160.00,160.85,159.45,0.40%,953590
2018-06-15,161.16,160.88,161.52,160.75,0.28%,792240
2018-06-18,161.15,161.17,161.41,161.02,-0.01%,456230
2018-06-19,161.53,161.49,161.86,161.46,0.24%,721420
2018-06-20,161.51,161.43,161.69,161.31,-0.01%,521730
2018-06-21,162.15,161.31,162.35,161.26,0.40%,977020
2018-06-22,162.10,162.15,162.24,161.80,-0.03%,536050
2018-06-25,162.23,162.34,162.57,162.01,0.08%,510180
2018-06-26,162.09,162.05,162.37,161.75,-0.09%,598320
2018-06-27,162.30,162.09,162.55,162.01,0.13%,607010
2018-06-28,162.46,162.42,162.66,162.18,0.10%,512920
2018-06-29,162.55,162.15,162.65,161.85,0.06%,699210
2018-07-02,162.63,162.57,162.89,162.42,0.05%,460780
2018-07-03,162.72,162.41,162.81,162.22,0.06%,504750
2018-07-04,162.55,162.60,162.87,162.37,-0.10%,316430
2018-07-05,162.70,162.37,162.78,162.06,0.09%,608840
2018-07-06,162.82,162.50,162.93,162.47,0.07%,428970
2018-07-09,162.61,162.67,162.73,162.35,-0.13%,406310
2018-07-10,162.38,162.49,162.57,162.26,-0.14%,488690
2018-07-11,162.53,162.59,162.80,162.40,0.09%,547380
2018-07-12,162.77,162.55,162.82,162.45,0.15%,412720
2018-07-13,162.98,162.68,163.22,162.66,0.13%,452730
2018-07-16,162.47,162.97,162.97,162.44,-0.31%,388740
2018-07-17,162.85,162.59,162.90,162.57,0.23%,365310
2018-07-18,162.95,162.75,163.20,162.75,0.06%,429740
2018-07-19,163.08,162.78,163.26,162.70,0.08%,457410
2018-07-20,162.53,163.16,163.39,162.44,-0.34%,596600
2018-07-23,162.10,162.41,162.54,161.97,-0.26%,570470
2018-07-24,162.28,162.03,162.33,161.82,0.11%,536470
2018-07-25,162.37,162.34,162.47,161.90,0.06%,441500
2018-07-26,162.18,161.95,162.37,161.88,-0.12%,546250
2018-07-27,162.07,162.05,162.23,161.97,-0.07%,450080
2018-07-30,161.43,162.13,162.30,161.33,-0.39%,631430
2018-07-31,161.58,161.90,162.05,161.41,0.09%,692910
2018-08-01,160.91,161.42,161.45,160.86,-0.41%,690870
2018-08-02,161.26,161.16,161.55,161.05,0.22%,679540
2018-08-03,162.05,161.37,162.12,161.37,0.49%,668420
2018-08-06,162.35,162.01,162.38,161.83,0.19%,352120
2018-08-07,162.01,162.23,162.39,161.97,-0.21%,341620
2018-08-08,162.11,162.04,162.27,161.96,0.06%,347530
2018-08-09,162.50,162.27,162.62,162.22,0.24%,445900
2018-08-10,163.34,162.69,163.45,162.69,0.52%,754290
2018-08-13,163.36,163.46,163.62,163.22,0.01%,647390
2018-08-14,163.21,163.35,163.35,163.11,-0.09%,434950
2018-08-15,163.71,163.33,163.82,163.10,0.31%,506860
2018-08-16,163.49,163.41,163.67,163.36,-0.13%,402820
2018-08-17,163.67,163.53,163.88,163.42,0.11%,435260
2018-08-20,163.73,163.65,163.74,163.42,0.04%,354620
2018-08-21,163.24,163.60,163.71,163.17,-0.30%,469570
2018-08-22,163.00,163.36,163.45,162.91,-0.15%,597130
2018-08-23,163.06,163.22,163.23,162.93,0.04%,454720
2018-08-24,163.09,163.01,163.16,162.80,0.02%,500670
2018-08-27,162.64,163.17,163.36,162.55,-0.28%,391910
2018-08-28,162.52,162.67,162.87,162.35,-0.07%,815850
2018-08-29,162.18,162.62,162.68,162.10,-0.21%,708020
2018-08-30,162.98,162.28,163.08,162.13,0.49%,865700
2018-08-31,163.27,162.92,163.32,162.83,0.18%,1040000
2018-09-03,163.21,163.19,163.49,163.04,-0.04%,1250000
2018-09-04,162.87,163.21,163.22,162.80,-0.21%,1470000
2018-09-05,162.44,162.88,163.03,162.28,-0.26%,489970
2018-09-06,162.62,162.48,162.70,162.45,0.11%,29850
2018-09-07,159.95,160.42,160.43,159.83,-1.64%,568740
2018-09-10,159.69,159.94,160.10,159.52,-0.16%,607670
2018-09-11,159.30,159.67,159.67,159.23,-0.24%,612070
2018-09-12,159.63,159.35,159.80,159.34,0.21%,669390
2018-09-13,159.46,159.71,159.78,159.26,-0.11%,676490
2018-09-14,159.17,159.50,159.54,159.01,-0.18%,558070
2018-09-17,159.02,159.28,159.29,158.84,-0.09%,489770
2018-09-18,158.74,159.07,159.26,158.66,-0.18%,650230
2018-09-19,158.62,158.67,158.87,158.42,-0.08%,704490
2018-09-20,158.74,158.73,158.93,158.38,0.08%,734230
2018-09-21,159.00,158.75,159.10,158.68,0.16%,530180
2018-09-24,158.32,159.03,159.14,158.21,-0.43%,745990
2018-09-25,157.87,158.21,158.21,157.75,-0.28%,783450
2018-09-26,158.04,157.92,158.49,157.89,0.11%,518050
2018-09-27,158.06,158.56,158.79,158.02,0.01%,861140
2018-09-28,158.79,158.54,159.25,158.40,0.46%,1050000
2018-10-01,158.77,158.74,158.99,158.37,-0.01%,736060
2018-10-02,159.52,159.06,159.78,159.00,0.47%,901210
2018-10-03,158.93,159.17,159.46,158.21,-0.37%,840410
2018-10-04,158.04,157.99,158.48,157.74,-0.56%,1040000
2018-10-05,157.61,158.03,158.12,157.33,-0.27%,848350
2018-10-08,157.95,157.56,158.23,157.50,0.22%,591260
2018-10-09,158.09,157.95,158.18,157.61,0.09%,880490
2018-10-10,157.88,158.10,158.16,157.45,-0.13%,759650
2018-10-11,158.35,158.33,158.71,158.12,0.30%,927370
2018-10-12,158.53,158.16,158.74,157.95,0.11%,584150
2018-10-15,158.59,158.66,158.87,158.46,0.04%,428870
2018-10-16,158.72,158.49,158.81,158.34,0.08%,578940
2018-10-17,159.16,158.73,159.24,158.72,0.28%,681730
2018-10-18,159.52,158.89,159.94,158.82,0.23%,832960
2018-10-19,159.40,159.78,160.08,159.07,-0.08%,1040000
2018-10-22,159.34,159.07,159.52,158.84,-0.04%,655440
2018-10-23,159.79,159.55,159.98,159.43,0.28%,765600
2018-10-24,160.18,159.67,160.35,159.66,0.24%,729990
2018-10-25,160.16,160.29,160.33,159.83,-0.01%,681400
2018-10-26,160.87,160.32,160.90,160.22,0.44%,865940
2018-10-29,160.35,160.62,160.79,160.06,-0.32%,729930
2018-10-30,160.44,160.35,160.56,159.96,0.06%,752800
2018-10-31,160.26,160.20,160.37,160.01,-0.11%,660230
2018-11-01,159.98,160.23,160.27,159.75,-0.17%,649790
2018-11-02,159.63,159.72,159.81,159.45,-0.22%,658080
2018-11-05,159.74,159.60,159.91,159.58,0.07%,480070
2018-11-06,159.70,159.71,160.04,159.61,-0.03%,525130
2018-11-07,159.50,159.82,159.89,159.28,-0.13%,615100
2018-11-08,159.37,159.29,159.51,159.19,-0.08%,535800
2018-11-09,160.03,159.43,160.07,159.43,0.41%,578860
2018-11-12,160.29,159.95,160.45,159.93,0.16%,497500
2018-11-13,160.08,160.19,160.42,159.98,-0.13%,777660
2018-11-14,160.14,160.36,160.47,159.96,0.04%,709580
2018-11-15,160.81,160.14,160.92,160.07,0.42%,1050000
2018-11-16,160.65,160.54,160.76,160.54,-0.10%,590150
2018-11-19,160.60,160.73,160.73,160.24,-0.03%,613080
2018-11-20,160.89,160.64,161.04,160.54,0.18%,777050
2018-11-21,160.58,160.71,160.78,160.48,-0.19%,627430
2018-11-22,160.63,160.70,160.87,160.53,0.03%,436790
2018-11-23,161.10,160.65,161.19,160.51,0.29%,649260
2018-11-26,160.74,160.93,160.99,160.64,-0.22%,628250
2018-11-27,161.02,160.90,161.21,160.82,0.17%,649680
2018-11-28,160.90,161.00,161.18,160.83,-0.07%,880820
2018-11-29,161.41,161.00,161.42,160.98,0.32%,852040
2018-11-30,161.54,161.31,161.58,161.27,0.08%,849020
2018-12-03,161.50,161.01,161.70,161.01,-0.02%,1610000
2018-12-04,162.09,161.91,162.43,161.61,0.37%,1920000
2018-12-05,161.99,162.28,162.45,161.97,-0.06%,439470
2018-12-06,162.38,162.30,162.48,162.12,0.24%,25100
2018-12-07,163.17,163.23,163.46,162.93,0.49%,619940
2018-12-10,163.40,163.49,163.64,162.98,0.14%,671100
2018-12-11,163.48,163.24,163.59,162.83,0.05%,741270
2018-12-12,162.98,163.35,163.53,162.60,-0.31%,708400
2018-12-13,162.87,162.77,163.14,162.51,-0.07%,806930
2018-12-14,163.20,162.89,163.30,162.81,0.20%,554180
2018-12-17,163.14,163.28,163.30,162.96,-0.04%,398430
2018-12-18,163.34,163.29,163.55,163.22,0.12%,482970
2018-12-19,163.38,163.48,163.85,163.24,0.02%,543110
2018-12-20,163.56,163.74,164.01,163.41,0.11%,696500
2018-12-21,163.36,163.54,163.54,163.27,-0.12%,385740
2018-12-27,163.73,163.18,163.79,163.15,0.23%,334720
2018-12-28,163.54,163.64,163.76,163.42,-0.12%,335360
2019-01-02,164.64,163.70,164.94,163.58,0.67%,713330
2019-01-03,164.82,164.91,165.10,164.38,0.11%,683680
2019-01-04,163.97,165.01,165.04,163.88,-0.52%,649420
2019-01-07,163.96,163.93,164.32,163.76,-0.01%,541360
2019-01-08,163.74,163.76,163.90,163.50,-0.13%,658670
2019-01-09,163.96,163.71,164.11,163.48,0.13%,656380
2019-01-10,164.21,163.93,164.38,163.93,0.15%,647110
2019-01-11,164.41,164.25,164.64,164.16,0.12%,563190
2019-01-14,164.57,164.51,164.88,164.43,0.10%,540340
2019-01-15,164.89,164.62,164.98,164.38,0.19%,706550
2019-01-16,164.59,164.80,164.90,164.36,-0.18%,638530
2019-01-17,164.30,164.72,164.89,164.23,-0.18%,566680
2019-01-18,164.07,164.28,164.34,163.84,-0.14%,712270
2019-01-21,164.13,164.20,164.30,164.04,0.04%,272110
2019-01-22,164.47,164.25,164.75,164.12,0.21%,608300
2019-01-23,164.57,164.65,164.77,164.34,0.06%,600560
2019-01-24,165.32,164.72,165.54,164.59,0.46%,890970
2019-01-25,165.07,165.35,165.43,164.96,-0.15%,603230
2019-01-28,164.91,165.19,165.30,164.69,-0.10%,647820
2019-01-29,165.08,164.94,165.28,164.85,0.10%,566210
2019-01-30,165.18,165.24,165.53,164.99,0.06%,571070
2019-01-31,165.67,165.52,165.87,165.30,0.30%,801430
2019-02-01,165.50,165.73,165.77,165.43,-0.10%,711770
2019-02-04,165.28,165.61,165.64,165.22,-0.13%,418540
2019-02-05,165.49,165.40,165.52,164.93,0.13%,623600
2019-02-06,165.51,165.42,165.68,165.37,0.01%,491940
2019-02-07,166.36,165.59,166.45,165.52,0.51%,896170
2019-02-08,166.75,166.39,166.83,166.26,0.23%,635900
2019-02-11,166.35,166.68,166.73,166.15,-0.24%,602030
2019-02-12,166.02,166.26,166.26,165.84,-0.20%,634420
2019-02-13,166.12,166.00,166.24,165.86,0.06%,531260
2019-02-14,166.54,166.22,166.73,166.02,0.25%,628470
2019-02-15,166.47,166.55,166.64,166.28,-0.04%,474920
2019-02-18,166.36,166.53,166.55,166.28,-0.07%,238960
2019-02-19,166.42,166.42,166.75,166.27,0.04%,654660
2019-02-20,166.51,166.45,166.69,166.35,0.05%,492430
2019-02-21,166.07,166.60,166.67,165.85,-0.26%,983250
2019-02-22,166.62,166.17,166.72,166.11,0.33%,514630
2019-02-25,166.40,166.56,166.62,166.20,-0.13%,530950
2019-02-26,166.27,166.50,166.66,166.16,-0.08%,731370
2019-02-27,165.68,166.35,166.48,165.56,-0.35%,1040000
2019-02-28,165.31,165.71,165.97,165.15,-0.22%,997600
2019-03-01,165.22,165.33,165.38,164.97,-0.05%,1040000
2019-03-04,165.59,165.19,165.71,165.01,0.22%,1380000
2019-03-05,165.52,165.67,165.79,165.26,-0.04%,1420000
2019-03-06,166.11,165.80,166.29,165.63,0.36%,335510
2019-03-07,166.24,166.15,166.28,166.03,0.08%,15400
2019-03-08,164.39,164.44,164.74,164.31,-1.11%,804480
2019-03-11,164.53,164.61,164.62,164.32,0.09%,509730
2019-03-12,164.54,164.25,164.74,163.92,0.01%,733720
2019-03-13,164.47,164.56,164.68,164.18,-0.04%,459080
2019-03-14,164.13,164.21,164.45,164.07,-0.21%,542780
2019-03-15,164.14,164.22,164.45,163.94,0.01%,560010
2019-03-18,164.27,164.22,164.36,163.96,0.08%,454400
2019-03-19,163.96,164.22,164.35,163.63,-0.19%,727890
2019-03-20,164.25,163.89,164.53,163.84,0.18%,566590
2019-03-21,164.85,164.39,164.93,164.32,0.37%,725540
2019-03-22,165.74,164.65,165.86,164.62,0.54%,1010000
2019-03-25,165.66,165.58,165.97,165.34,-0.05%,623210
2019-03-26,165.58,165.79,165.83,165.45,-0.05%,600790
2019-03-27,166.59,165.79,166.70,165.68,0.61%,1070000
2019-03-28,166.39,166.54,166.75,166.21,-0.12%,755690
2019-03-29,166.34,166.26,166.42,166.02,-0.03%,695140
2019-04-01,165.67,166.21,166.21,165.60,-0.40%,730960
2019-04-02,166.11,165.70,166.17,165.70,0.27%,563230
2019-04-03,165.40,165.93,166.00,165.18,-0.43%,820780
2019-04-04,165.52,165.28,165.66,165.19,0.07%,596190
2019-04-05,165.36,165.35,165.52,165.07,-0.10%,552260
2019-04-08,165.36,165.38,165.55,165.14,0.00%,358590
2019-04-09,165.48,165.29,165.64,165.11,0.07%,543180
2019-04-10,165.89,165.54,166.00,165.40,0.25%,583760
2019-04-11,165.58,165.82,165.87,165.51,-0.19%,510180
2019-04-12,164.62,165.64,165.79,164.56,-0.58%,951270
2019-04-15,164.66,164.59,164.76,164.33,0.02%,650830
2019-04-16,164.60,164.65,164.94,164.39,-0.04%,661540
2019-04-17,164.30,164.50,164.59,164.06,-0.18%,679000
2019-04-18,165.22,164.42,165.27,164.33,0.56%,768220
2019-04-19,165.12,165.12,165.12,165.12,-0.06%,
2019-04-23,164.94,165.01,165.13,164.71,-0.11%,557090
2019-04-24,165.73,164.99,165.78,164.96,0.48%,717030
2019-04-25,165.69,165.70,165.80,165.56,-0.02%,533570
2019-04-26,165.82,165.77,165.92,165.55,0.08%,503150
2019-04-29,165.55,165.80,165.84,165.33,-0.16%,523120
2019-04-30,165.31,165.48,165.69,164.84,-0.14%,938720
2019-05-02,165.24,165.16,165.48,164.97,-0.04%,772200
2019-05-03,165.26,165.12,165.45,164.82,0.01%,599610
2019-05-06,165.44,165.51,165.86,165.31,0.11%,324790
2019-05-07,166.08,165.59,166.18,165.24,0.39%,825200
2019-05-08,166.20,166.06,166.47,165.92,0.07%,807470
2019-05-09,166.26,166.14,166.54,166.10,0.04%,713530
2019-05-10,166.25,166.12,166.40,165.94,-0.01%,617040
2019-05-13,166.52,166.33,166.61,166.10,0.16%,581370
2019-05-14,166.59,166.51,166.72,166.31,0.04%,583820
2019-05-15,166.94,166.66,167.43,166.57,0.21%,963280
2019-05-16,166.95,167.06,167.27,166.78,0.01%,793120
2019-05-17,167.06,167.04,167.41,166.86,0.07%,626130
2019-05-20,166.79,166.98,167.07,166.63,-0.16%,551280
2019-05-21,166.49,166.74,166.90,166.33,-0.18%,772870
2019-05-22,166.72,166.52,166.90,166.44,0.14%,681340
2019-05-23,167.22,166.91,167.40,166.86,0.30%,784240
2019-05-24,167.24,167.28,167.33,167.10,0.01%,524820
2019-05-27,167.64,167.35,167.69,167.18,0.24%,260210
2019-05-28,167.80,167.55,167.93,167.52,0.10%,944510
2019-05-29,168.02,167.91,168.13,167.85,0.13%,838690
2019-05-30,168.00,167.84,168.21,167.72,-0.01%,730320
2019-05-31,168.34,168.33,168.63,168.30,0.20%,1330000
2019-06-03,168.37,168.59,168.69,168.33,0.02%,1700000.00
2019-06-04,168.46,168.48,168.68,168.39,0.05%,1450000
2019-06-05,168.68,168.50,168.84,168.38,0.13%,231630
2019-06-06,168.95,168.72,169.01,168.70,0.16%,25350
2019-06-07,171.72,171.30,171.80,171.25,1.64%,674790
2019-06-10,171.11,171.55,171.66,171.06,-0.36%,488850
2019-06-11,171.36,171.11,171.42,170.98,0.15%,540200
2019-06-12,171.48,171.38,171.62,171.32,0.07%,565270
2019-06-13,171.54,171.45,171.69,171.39,0.03%,507650
2019-06-14,171.78,171.63,171.99,171.59,0.14%,586200
2019-06-17,171.56,171.71,171.75,171.42,-0.13%,479350
2019-06-18,172.86,171.54,172.88,171.51,0.76%,1000000.00
2019-06-19,172.16,172.67,172.72,172.09,-0.40%,713170
2019-06-20,172.64,172.59,172.70,172.41,0.28%,667620
2019-06-21,172.07,172.55,172.65,171.95,-0.33%,712320
2019-06-24,172.47,172.02,172.59,172.02,0.23%,463680
2019-06-25,172.88,172.45,172.91,172.45,0.24%,578800
2019-06-26,172.50,172.76,172.82,172.26,-0.22%,647740
2019-06-27,172.62,172.36,172.77,171.92,0.07%,700990
2019-06-28,172.74,172.67,172.84,172.46,0.07%,487240
2019-07-01,173.30,172.57,173.33,172.47,0.32%,622880
2019-07-02,173.35,173.30,173.50,172.97,0.03%,603380
2019-07-03,173.67,173.59,173.90,173.53,0.18%,653580
2019-07-04,173.85,173.72,174.05,173.61,0.10%,483440
2019-07-05,173.18,173.94,173.96,172.99,-0.39%,709220
2019-07-08,173.51,173.41,173.70,173.29,0.19%,512170
2019-07-09,173.21,173.35,173.46,173.04,-0.17%,565770
2019-07-10,172.51,173.05,173.08,172.02,-0.40%,1090000
2019-07-11,171.82,172.54,172.73,171.50,-0.40%,812400
2019-07-12,171.68,171.55,171.88,171.25,-0.08%,766690
2019-07-15,172.33,171.74,172.42,171.49,0.38%,502400
2019-07-16,172.34,172.33,172.68,172.16,0.01%,580060
2019-07-17,172.93,172.47,173.13,172.44,0.34%,528060
2019-07-18,173.25,173.12,173.63,173.02,0.19%,629370
2019-07-19,173.39,173.47,173.57,173.27,0.08%,436420
2019-07-22,173.78,173.39,173.79,173.29,0.22%,408710
2019-07-23,173.91,173.61,173.97,173.56,0.07%,397220
2019-07-24,174.30,173.78,174.51,173.74,0.22%,600270
2019-07-25,174.01,174.26,174.92,173.49,-0.17%,985680
2019-07-26,174.21,174.25,174.30,173.92,0.11%,407410
2019-07-29,174.46,174.32,174.57,174.27,0.14%,390380
2019-07-30,174.55,174.43,174.65,174.36,0.05%,402730
2019-07-31,175.07,174.61,175.28,174.52,0.30%,594050
2019-08-01,175.44,175.03,175.88,174.73,0.21%,728990
2019-08-02,175.82,175.72,176.10,175.62,0.22%,864960
2019-08-05,176.22,175.98,176.63,175.93,0.23%,588130
2019-08-06,176.58,176.61,176.74,176.12,0.20%,538520
2019-08-07,177.36,176.75,177.74,176.72,0.44%,801060
2019-08-08,176.93,177.00,177.42,176.38,-0.24%,851120
2019-08-09,177.16,177.50,177.55,176.96,0.13%,535280
2019-08-12,177.44,177.15,177.68,177.03,0.16%,340320
2019-08-13,177.68,177.50,177.84,177.31,0.14%,579110
2019-08-14,178.31,177.71,178.49,177.62,0.35%,638590
2019-08-15,179.06,178.40,179.66,178.18,0.42%,885060
2019-08-16,178.60,179.39,179.58,178.14,-0.26%,739020
2019-08-19,178.15,178.72,178.84,177.82,-0.25%,738530
2019-08-20,178.90,178.19,179.19,178.19,0.42%,638040
2019-08-21,178.68,178.76,178.83,178.19,-0.12%,545220
2019-08-22,178.04,178.73,178.94,177.65,-0.36%,886660
2019-08-23,178.54,178.01,178.83,177.48,0.28%,648610
2019-08-26,178.52,179.08,179.21,178.22,-0.01%,448010
2019-08-27,178.94,178.51,179.07,178.45,0.24%,518170
2019-08-28,179.30,179.00,179.46,178.88,0.20%,709330
2019-08-29,178.94,179.20,179.36,178.57,-0.20%,734950
2019-08-30,179.10,178.91,179.27,178.63,0.09%,721960
2019-09-02,178.96,179.18,179.20,178.60,-0.08%,608730
2019-09-03,179.32,178.89,179.67,178.81,0.20%,1610000
2019-09-04,178.52,178.97,179.00,177.98,-0.45%,972350
2019-09-05,177.31,178.57,178.57,176.97,-0.68%,225600
2019-09-06,177.70,177.35,177.78,177.09,0.22%,8210
2019-09-09,174.24,175.21,175.30,174.19,-1.95%,645230
2019-09-10,173.98,174.31,174.52,173.75,-0.15%,711970
2019-09-11,174.24,173.80,174.38,173.65,0.15%,619520
2019-09-12,173.93,174.03,175.62,173.23,-0.18%,1240000
2019-09-13,172.44,173.52,173.63,172.18,-0.86%,949710
2019-09-16,172.98,172.51,173.13,172.40,0.31%,600070
2019-09-17,172.87,172.99,173.16,172.67,-0.06%,581500
2019-09-18,173.37,172.87,173.48,172.65,0.29%,505360
2019-09-19,173.30,173.07,173.40,172.86,-0.04%,531380
2019-09-20,173.47,173.32,173.84,173.23,0.10%,475450
2019-09-23,174.54,173.60,174.64,173.29,0.62%,683110
2019-09-24,174.73,174.19,174.88,174.03,0.11%,576510
2019-09-25,174.36,174.88,174.97,173.93,-0.21%,692840
2019-09-26,174.32,174.11,174.46,174.03,-0.02%,523320
2019-09-27,174.21,174.35,174.54,174.05,-0.06%,451670
2019-09-30,174.25,174.35,174.36,173.77,0.02%,531340
2019-10-01,174.20,174.23,174.25,173.31,-0.03%,848640
2019-10-02,173.79,173.86,174.04,173.60,-0.24%,612930
2019-10-03,174.46,173.88,174.78,173.88,0.39%,618530
2019-10-04,174.49,174.53,174.75,174.33,0.02%,429510
2019-10-07,174.31,174.54,174.72,174.17,-0.10%,337410
2019-10-08,174.67,174.24,174.69,173.86,0.21%,556100
2019-10-09,174.05,174.52,174.56,173.85,-0.35%,481560
2019-10-10,173.00,174.06,174.14,172.57,-0.60%,793960
2019-10-11,172.39,172.67,173.15,172.08,-0.35%,951590
2019-10-14,172.58,172.38,172.94,172.32,0.11%,405050
2019-10-15,171.89,172.57,172.82,171.63,-0.40%,742150
2019-10-16,171.58,171.72,172.29,171.37,-0.18%,884390
2019-10-17,171.72,171.64,171.93,170.73,0.08%,845840
2019-10-18,171.49,171.73,171.88,171.24,-0.13%,441620
2019-10-21,170.89,171.45,171.46,170.78,-0.35%,432610
2019-10-22,171.42,170.88,171.73,170.76,0.31%,533810
2019-10-23,171.67,171.68,171.93,171.44,0.15%,490850
2019-10-24,171.83,171.55,171.96,171.16,0.09%,705590
2019-10-25,171.35,171.67,171.80,171.12,-0.28%,480140
2019-10-28,170.70,171.26,171.35,170.56,-0.38%,569510
2019-10-29,171.04,170.68,171.14,170.60,0.20%,507310
2019-10-30,171.06,171.05,171.36,170.79,0.01%,520840
2019-10-31,171.76,171.24,172.03,171.17,0.41%,723720
2019-11-01,171.42,171.84,171.99,171.35,-0.20%,485300
2019-11-04,170.99,171.47,171.47,170.91,-0.25%,449130
2019-11-05,170.53,170.90,170.95,170.30,-0.27%,736200
2019-11-06,170.67,170.45,170.94,170.22,0.08%,567250
2019-11-07,169.57,170.87,170.97,169.17,-0.64%,1140000
2019-11-08,169.69,169.40,169.89,169.12,0.07%,693210
2019-11-11,169.56,169.64,169.99,169.46,-0.08%,350120
2019-11-12,169.54,169.67,169.83,169.26,-0.01%,576490
2019-11-13,170.36,169.75,170.45,169.67,0.48%,703020
2019-11-14,170.99,170.26,171.15,170.26,0.37%,620540
2019-11-15,170.85,170.92,171.05,170.65,-0.08%,413780
2019-11-18,170.84,170.89,171.06,170.55,-0.01%,481340
2019-11-19,170.91,170.84,171.00,170.66,0.04%,448050
2019-11-20,171.09,171.00,171.56,170.95,0.11%,703990
2019-11-21,170.75,171.24,171.35,170.56,-0.20%,686080
2019-11-22,171.24,170.65,171.27,170.31,0.29%,687670
2019-11-25,171.09,171.15,171.24,170.94,-0.09%,473060
2019-11-26,171.45,171.04,171.49,170.88,0.21%,497720
2019-11-27,171.35,171.30,171.52,171.13,-0.06%,639290
2019-11-28,171.26,171.42,171.60,171.16,-0.05%,486680
2019-11-29,171.07,171.29,171.40,170.91,-0.11%,884110
2019-12-02,169.92,170.99,171.00,169.85,-0.67%,1680000
2019-12-03,171.04,170.02,171.14,169.74,0.66%,1650000
2019-12-04,170.70,171.06,171.31,170.56,-0.20%,966540
2019-12-05,170.32,170.70,170.84,170.06,-0.22%,147380
2019-12-06,170.53,170.37,170.53,170.18,0.12%,12900
2019-12-09,172.37,172.10,172.59,172.02,1.08%,374590
2019-12-10,172.23,172.34,172.45,172.07,-0.08%,488020
2019-12-11,172.63,172.31,172.88,172.17,0.23%,431700
2019-12-12,171.75,172.70,172.99,171.61,-0.51%,665980
2019-12-13,172.10,171.23,172.31,170.75,0.20%,729470
2019-12-16,171.92,172.16,172.43,171.80,-0.10%,511320
2019-12-17,172.13,172.03,172.29,171.96,0.12%,417670
2019-12-18,171.48,172.11,172.40,171.35,-0.38%,485080
2019-12-19,171.28,171.60,171.66,170.90,-0.12%,562470
2019-12-20,171.54,171.26,171.63,171.06,0.15%,304510
2019-12-23,171.43,171.56,171.88,171.30,-0.06%,193930
2019-12-27,171.61,171.69,171.79,171.42,0.11%,168140
2019-12-30,170.49,171.58,171.68,170.42,-0.65%,360680
2020-01-02,171.26,170.54,171.42,170.19,0.45%,509180
2020-01-03,172.12,171.10,172.38,171.10,0.50%,528220
2020-01-06,172.24,172.45,172.60,172.07,0.07%,496410
2020-01-07,172.12,172.21,172.31,171.91,-0.07%,582590
2020-01-08,171.78,172.50,173.22,171.26,-0.20%,825680
2020-01-09,171.14,171.31,171.51,171.01,-0.37%,732940
2020-01-10,171.35,171.31,171.43,170.85,0.12%,555740
2020-01-13,170.76,171.36,171.43,170.71,-0.34%,611440
2020-01-14,171.01,170.74,171.08,170.65,0.15%,694220
2020-01-15,171.46,171.05,171.72,171.01,0.26%,672850
2020-01-16,171.72,171.62,171.80,171.35,0.15%,637670
2020-01-17,171.61,171.66,171.82,171.46,-0.06%,484600
2020-01-20,171.67,171.76,171.76,171.52,0.03%,233910
2020-01-21,172.21,171.75,172.27,171.55,0.31%,752510
2020-01-22,172.33,172.04,172.50,171.91,0.07%,584940
2020-01-23,173.03,172.41,173.09,172.35,0.41%,765000
2020-01-24,173.28,172.82,173.54,172.60,0.14%,812600
2020-01-27,174.23,173.75,174.27,173.41,0.55%,892310
2020-01-28,173.68,174.11,174.48,173.48,-0.32%,885020
2020-01-29,174.06,173.66,174.28,173.41,0.22%,628560
2020-01-30,174.57,174.23,174.65,174.23,0.29%,761980
2020-01-31,175.04,174.29,175.30,174.16,0.27%,763630
2020-02-03,174.88,175.10,175.14,174.62,-0.09%,692500
2020-02-04,174.53,175.06,175.07,174.25,-0.20%,837830
2020-02-05,173.92,174.33,174.63,173.65,-0.35%,947840
2020-02-06,173.82,173.71,173.96,173.42,-0.06%,762860
2020-02-07,174.18,173.87,174.42,173.84,0.21%,725070
2020-02-10,174.57,174.33,174.69,174.01,0.22%,500710
2020-02-11,174.26,174.48,174.55,174.13,-0.18%,766470
2020-02-12,174.02,174.17,174.20,173.72,-0.14%,737950
2020-02-13,174.27,174.16,174.64,174.05,0.14%,879840
2020-02-14,174.48,174.29,174.59,174.10,0.12%,470470
2020-02-17,174.45,174.35,174.52,174.08,-0.02%,264960
2020-02-18,174.53,174.51,174.92,174.29,0.05%,761810
2020-02-19,174.66,174.41,174.74,174.28,0.07%,635290
2020-02-20,174.96,174.55,175.12,174.51,0.17%,869930
2020-02-21,174.93,174.98,175.37,174.77,-0.02%,955610
2020-02-24,175.58,175.39,175.86,175.13,0.37%,1260000
2020-02-25,176.02,175.37,176.21,175.21,0.25%,1130000
2020-02-26,175.83,175.88,176.30,175.38,-0.11%,1410000
2020-02-27,176.58,175.99,176.89,175.86,0.43%,1340000
2020-02-28,177.46,176.52,177.79,176.52,0.50%,1460000
2020-03-02,177.83,177.82,178.38,177.00,0.21%,1980000
2020-03-03,177.74,177.41,178.25,176.83,-0.05%,1840000
2020-03-04,177.90,178.23,178.36,177.46,0.09%,1170000
2020-03-05,178.59,177.55,178.90,177.50,0.39%,167780
2020-03-06,179.44,179.02,179.56,179.00,0.48%,12750
2020-03-09,178.23,177.21,179.31,177.05,-0.67%,994790
2020-03-10,177.59,177.55,177.91,175.41,-0.36%,1280000
2020-03-11,176.77,177.07,177.91,176.55,-0.46%,1010000
2020-03-12,176.50,176.81,177.64,175.90,-0.15%,1010000
2020-03-13,174.17,176.32,176.57,173.12,-1.32%,1010000
2020-03-16,172.17,174.60,175.25,171.97,-1.15%,623390
2020-03-17,171.93,172.00,172.47,170.90,-0.14%,773970
2020-03-18,168.79,171.39,171.39,168.24,-1.83%,879200
2020-03-19,167.94,170.01,171.18,167.52,-0.50%,813150
2020-03-20,170.42,168.53,170.84,168.52,1.48%,543200
2020-03-23,171.12,170.69,171.54,170.22,0.41%,496860
2020-03-24,170.27,171.13,171.38,170.19,-0.50%,454210
2020-03-25,169.62,170.50,170.78,169.34,-0.38%,464920
2020-03-26,171.07,169.69,171.35,169.69,0.85%,545090
2020-03-27,172.56,170.95,173.07,170.90,0.87%,560940
2020-03-30,173.60,172.94,173.83,172.62,0.60%,427480
2020-03-31,172.51,172.84,173.16,172.33,-0.63%,508920
2020-04-01,172.57,172.70,173.48,172.23,0.03%,483250
2020-04-02,171.92,172.56,172.60,171.60,-0.38%,540020
2020-04-03,172.06,171.96,172.44,171.80,0.08%,391640
2020-04-06,171.82,171.85,172.05,171.42,-0.14%,320310
2020-04-07,170.49,171.81,171.90,170.24,-0.77%,567350
2020-04-08,170.46,170.79,171.31,170.00,-0.02%,620310
2020-04-09,170.90,170.12,171.09,170.01,0.26%,455320
2020-04-14,171.54,170.47,171.71,170.28,0.37%,274440
2020-04-15,172.68,171.42,172.78,171.36,0.66%,532340
2020-04-16,172.67,172.43,172.90,172.04,-0.01%,459930
2020-04-17,172.85,172.44,172.89,172.17,0.10%,299090
2020-04-20,172.41,172.65,173.01,172.19,-0.25%,392720
2020-04-21,172.91,172.54,173.26,172.45,0.29%,528250
2020-04-22,172.00,172.71,172.95,171.67,-0.53%,517770
2020-04-23,172.10,171.85,172.48,171.29,0.06%,571170
2020-04-24,172.76,172.38,172.87,172.27,0.38%,417980
2020-04-27,172.45,172.68,172.91,172.23,-0.18%,392520
2020-04-28,172.75,172.40,172.84,172.09,0.17%,423810
2020-04-29,173.06,172.75,173.28,172.58,0.18%,531310
2020-04-30,174.43,172.95,174.57,172.94,0.79%,780390
2020-05-04,174.04,174.37,174.69,173.77,-0.22%,497880
2020-05-05,174.41,174.13,174.55,173.42,0.21%,642960
2020-05-06,173.30,174.15,174.23,173.19,-0.64%,599620
2020-05-07,173.89,173.49,174.08,172.89,0.34%,652670
2020-05-08,173.77,173.87,174.24,173.52,-0.07%,302210
2020-05-11,173.53,173.47,173.74,173.13,-0.14%,445980
2020-05-12,173.37,173.18,173.49,172.80,-0.09%,616390
2020-05-13,173.63,173.55,173.92,173.41,0.15%,550620
2020-05-14,173.65,173.56,174.08,173.50,0.01%,540230
2020-05-15,173.74,173.62,174.23,173.59,0.05%,471060
2020-05-18,173.16,173.75,174.09,172.61,-0.33%,678100
2020-05-19,172.70,172.82,173.11,172.26,-0.27%,685900
2020-05-20,172.72,172.76,172.97,172.51,0.01%,547620
2020-05-21,173.15,172.89,173.27,172.66,0.25%,432620
2020-05-22,173.12,173.11,173.52,172.93,-0.02%,460080
2020-05-25,173.06,173.05,173.28,172.98,-0.03%,136200
2020-05-26,172.16,173.11,173.16,172.01,-0.52%,705340
2020-05-27,172.07,172.28,172.53,171.50,-0.05%,841050
2020-05-28,172.05,171.82,172.32,171.68,-0.01%,637250
2020-05-29,172.46,172.15,172.57,172.00,0.24%,810340
2020-06-01,171.65,172.37,172.42,171.47,-0.47%,638430
2020-06-02,171.86,171.92,172.15,171.67,0.12%,1110000
2020-06-03,170.97,171.66,171.87,170.86,-0.52%,1450000
2020-06-04,170.54,171.04,171.34,170.37,-0.25%,1110000
2020-06-05,169.86,170.55,170.70,169.66,-0.40%,183510
2020-06-08,170.22,170.13,170.27,169.88,0.21%,11880
2020-06-09,173.46,173.61,174.02,173.30,1.90%,646570
2020-06-10,173.81,173.47,174.18,173.25,0.20%,644910
2020-06-11,175.24,174.28,175.34,174.12,0.82%,598110
2020-06-12,175.57,175.25,175.60,174.90,0.19%,513630
2020-06-15,175.52,175.62,175.98,175.28,-0.03%,475610
2020-06-16,175.40,175.22,175.58,174.90,-0.07%,592820
2020-06-17,175.40,175.34,175.63,174.80,0.00%,596320
2020-06-18,175.59,175.28,175.76,175.16,0.11%,548600
2020-06-19,175.68,175.61,175.79,175.30,0.05%,383640
2020-06-22,176.11,175.74,176.37,175.60,0.24%,440630
2020-06-23,175.61,175.85,176.13,175.45,-0.28%,559800
2020-06-24,176.01,175.53,176.12,175.20,0.23%,592630
2020-06-25,176.55,176.11,176.72,176.09,0.31%,526350
2020-06-26,176.70,176.39,176.80,176.32,0.08%,399580
2020-06-29,176.66,176.75,176.86,176.35,-0.02%,350340
2020-06-30,176.52,176.58,176.86,176.16,-0.08%,534410
2020-07-01,175.29,176.15,176.20,175.20,-0.70%,550710
2020-07-02,176.01,175.19,176.06,175.04,0.41%,628120
2020-07-03,176.02,175.98,176.24,175.85,0.01%,244230
2020-07-06,175.96,175.88,176.15,175.62,-0.03%,407430
2020-07-07,175.88,176.07,176.30,175.72,-0.05%,413700
2020-07-08,176.13,176.11,176.37,176.02,0.14%,435170
2020-07-09,176.52,176.01,176.61,175.96,0.22%,443340
2020-07-10,176.63,176.41,176.92,176.34,0.06%,476770
2020-07-13,175.63,176.48,176.49,175.54,-0.57%,503250
2020-07-14,176.20,175.98,176.25,175.74,0.32%,476670
2020-07-15,176.12,176.03,176.47,175.92,-0.05%,538080
2020-07-16,176.62,176.17,176.74,176.07,0.28%,472600
2020-07-17,176.27,176.41,176.68,176.10,-0.20%,332010
2020-07-20,176.37,176.19,176.54,175.77,0.06%,465200
2020-07-21,176.37,176.24,176.45,176.06,0.00%,407570
2020-07-22,176.93,176.37,176.95,176.20,0.32%,482280
2020-07-23,176.72,176.79,176.89,176.59,-0.12%,404140
2020-07-24,176.09,176.77,176.98,175.95,-0.36%,608250
2020-07-27,176.80,176.06,176.87,175.96,0.40%,481820
2020-07-28,177.13,176.51,177.24,176.49,0.19%,494530
2020-07-29,176.95,177.15,177.29,176.83,-0.10%,431540
2020-07-30,177.69,177.00,177.80,176.92,0.42%,531230
2020-07-31,177.52,177.71,178.01,177.25,-0.10%,573930
2020-08-03,177.31,177.44,177.48,177.03,-0.12%,380280
2020-08-04,177.81,177.31,178.01,177.19,0.28%,454200
2020-08-05,177.10,177.96,178.00,177.00,-0.40%,492400
2020-08-06,177.60,177.02,177.81,176.92,0.28%,547060
2020-08-07,177.17,177.38,177.67,177.07,-0.24%,394370
2020-08-10,177.50,177.16,177.64,176.89,0.19%,366170
2020-08-11,176.66,177.39,177.50,176.56,-0.47%,562340
2020-08-12,176.24,176.86,176.88,175.93,-0.24%,642980
2020-08-13,175.56,176.43,176.60,175.27,-0.39%,635290
2020-08-14,175.76,175.26,175.81,175.25,0.11%,486100
2020-08-17,176.21,175.61,176.27,175.54,0.26%,470450
2020-08-18,176.43,176.14,176.51,176.03,0.12%,514880
2020-08-19,176.57,176.47,176.87,176.39,0.08%,542390
2020-08-20,176.95,176.58,177.18,176.45,0.22%,562700
2020-08-21,177.10,176.87,177.37,176.75,0.08%,531590
2020-08-24,177.02,177.21,177.25,176.73,-0.05%,461450
2020-08-25,175.89,176.95,176.95,175.75,-0.64%,760040
2020-08-26,175.66,176.00,176.04,175.47,-0.13%,733620
2020-08-27,175.44,175.94,176.58,175.28,-0.13%,873370
2020-08-28,175.68,175.29,175.82,175.06,0.14%,916050
2020-08-31,175.56,175.63,175.78,175.22,-0.07%,629220
2020-09-01,175.72,175.46,176.18,175.17,0.09%,947620
2020-09-02,176.67,176.12,176.82,176.00,0.54%,1140000
2020-09-03,177.07,176.74,177.18,176.49,0.23%,1290000
2020-09-04,176.78,176.93,177.04,176.37,-0.16%,615880
2020-09-07,176.52,176.47,176.86,176.19,-0.15%,133130
2020-09-08,176.93,176.52,176.94,176.42,0.23%,14260
2020-09-09,173.68,174.34,174.41,173.51,-1.84%,607810
2020-09-10,173.11,173.61,173.91,173.06,-0.33%,665070
2020-09-11,173.96,173.66,174.04,173.54,0.49%,462190
2020-09-14,174.00,174.02,174.32,173.91,0.02%,433070
2020-09-15,174.00,174.05,174.15,173.78,0.00%,472410
2020-09-16,173.92,174.12,174.29,173.84,-0.05%,455120
2020-09-17,174.26,174.05,174.45,173.74,0.20%,647270
2020-09-18,174.07,174.07,174.43,173.93,-0.11%,438520
2020-09-21,174.65,174.08,174.85,173.95,0.33%,608200
2020-09-22,174.37,174.56,174.74,174.25,-0.16%,588250
2020-09-23,174.21,174.38,174.64,174.19,-0.09%,574540
2020-09-24,174.44,174.43,174.72,174.22,0.13%,557160
2020-09-25,174.67,174.27,174.70,174.16,0.13%,472170
2020-09-28,174.62,174.58,174.68,174.31,-0.03%,427300
2020-09-29,174.87,174.63,174.90,174.58,0.14%,498120
2020-09-30,174.52,174.81,174.95,174.34,-0.20%,714170
2020-10-01,174.66,174.50,174.71,174.17,0.08%,715320
2020-10-02,174.66,174.61,174.97,174.60,0.00%,526390
2020-10-05,174.42,174.67,174.90,174.19,-0.14%,529430
2020-10-06,174.27,174.18,174.65,174.15,-0.09%,664920
2020-10-07,174.13,174.58,174.61,173.93,-0.08%,705090
2020-10-08,174.48,174.10,174.58,174.04,0.20%,455630
2020-10-09,174.68,174.52,174.86,174.49,0.11%,492240
2020-10-12,174.81,174.74,174.87,174.60,0.07%,307190
2020-10-13,175.06,174.88,175.13,174.76,0.14%,492610
2020-10-14,175.35,175.07,175.50,175.04,0.17%,546060
2020-10-15,175.90,175.37,176.28,175.35,0.31%,836380
2020-10-16,176.07,175.82,176.29,175.77,0.10%,478750
2020-10-19,176.11,176.01,176.17,175.77,0.02%,486450
2020-10-20,175.81,176.10,176.24,175.66,-0.17%,585020
2020-10-21,175.71,175.67,175.86,175.34,-0.06%,647920
2020-10-22,175.19,175.54,175.73,175.17,-0.30%,613670
2020-10-23,175.26,175.20,175.52,175.00,0.04%,551140
2020-10-26,175.30,175.50,175.73,175.10,0.02%,573120
2020-10-27,175.94,175.45,176.06,175.27,0.37%,590380
2020-10-28,176.07,176.08,176.43,175.95,0.07%,793210
2020-10-29,176.31,176.03,176.44,175.92,0.14%,698750
2020-10-30,176.15,176.18,176.38,175.90,-0.09%,683410
2020-11-02,176.24,176.25,176.36,175.90,0.05%,530000
2020-11-03,176.02,176.29,176.37,175.82,-0.12%,584730
2020-11-04,176.40,175.71,176.83,175.53,0.22%,787730
2020-11-05,176.33,176.52,176.65,176.09,-0.04%,616560
2020-11-06,176.03,176.42,176.49,175.86,-0.17%,591310
2020-11-09,174.36,176.09,176.46,174.26,-0.95%,1190000
2020-11-10,174.02,174.54,174.63,173.92,-0.19%,994340
2020-11-11,174.30,174.01,174.50,173.66,0.16%,653880
2020-11-12,174.74,174.42,174.97,174.26,0.25%,665820
2020-11-13,174.94,174.91,175.17,174.78,0.11%,512600
2020-11-16,174.93,174.94,175.29,174.45,-0.01%,675210
2020-11-17,175.18,174.94,175.27,174.85,0.14%,526430
2020-11-18,175.12,175.28,175.46,174.91,-0.03%,526040
2020-11-19,175.33,175.20,175.41,175.10,0.12%,521650
2020-11-20,175.53,175.45,175.73,175.25,0.11%,512290
2020-11-23,175.41,175.70,175.71,175.26,-0.07%,552780
2020-11-24,175.26,175.37,175.47,175.12,-0.09%,520860
2020-11-25,175.33,175.10,175.46,174.96,0.04%,507150
2020-11-26,175.51,175.18,175.59,175.16,0.10%,333130
2020-11-27,175.50,175.59,175.65,175.41,-0.01%,360720
2020-11-30,175.25,175.63,175.72,175.21,-0.14%,744760
2020-12-01,174.56,175.32,175.45,174.47,-0.39%,1190000
2020-12-02,174.48,174.56,174.69,174.37,-0.05%,1140000
2020-12-03,174.94,174.63,175.18,174.56,0.26%,1330000
2020-12-04,174.82,175.15,175.22,174.81,-0.07%,756780
2020-12-07,175.41,175.03,175.51,175.03,0.34%,128890
2020-12-08,175.43,175.37,175.61,175.35,0.01%,16390
2020-12-09,178.19,178.08,178.30,177.91,1.57%,418760
2020-12-10,178.08,178.30,178.55,177.77,-0.06%,704190
2020-12-11,178.68,178.27,178.77,178.17,0.34%,561970
2020-12-14,178.42,178.37,178.56,178.13,-0.15%,444210
2020-12-15,178.27,178.37,178.57,178.17,-0.08%,440330
2020-12-16,177.55,178.28,178.31,177.27,-0.40%,691250
2020-12-17,177.69,177.60,177.98,177.34,0.08%,519600
2020-12-18,177.66,177.74,177.85,177.28,-0.02%,416570
2020-12-21,177.86,177.83,178.44,177.61,0.11%,520420
2020-12-22,177.93,177.70,178.09,177.63,0.04%,344000
2020-12-23,177.07,178.07,178.18,177.01,-0.48%,507280
2020-12-24,177.36,177.36,177.36,177.36,0.16%,
2020-12-28,177.39,177.35,177.77,177.17,0.02%,195970
2020-12-29,177.70,177.60,177.75,177.52,0.17%,265000
2020-12-30,177.64,177.73,177.84,177.27,-0.03%,306910
2020-12-31,177.84,177.84,177.84,177.84,0.11%,
2021-01-04,178.12,177.78,178.37,177.52,0.16%,695840
2021-01-05,177.90,178.22,178.27,177.71,-0.12%,613780
2021-01-06,177.37,177.85,177.85,177.02,-0.30%,842160
2021-01-07,177.25,177.47,177.69,177.17,-0.07%,792790
2021-01-08,177.30,177.33,177.53,177.16,0.03%,542400
2021-01-11,176.93,177.28,177.55,176.84,-0.21%,739760
2021-01-12,176.44,176.83,176.87,176.34,-0.28%,904000
2021-01-13,177.36,176.84,177.60,176.72,0.52%,989430
2021-01-14,177.84,177.49,177.96,177.32,0.27%,748880
2021-01-15,177.66,177.65,177.94,177.50,-0.10%,547660
2021-01-18,177.37,177.71,177.81,177.24,-0.16%,432300
2021-01-19,177.40,177.31,177.45,177.10,0.02%,720920
2021-01-20,177.45,177.33,177.50,177.25,0.03%,506830
2021-01-21,176.80,177.41,177.56,176.74,-0.37%,860430
2021-01-22,177.16,176.76,177.27,176.63,0.20%,643500
2021-01-25,177.83,177.13,177.88,177.12,0.38%,675950
2021-01-26,177.52,177.82,177.96,177.45,-0.17%,617110
2021-01-27,177.79,177.56,178.12,177.39,0.15%,863820
2021-01-28,177.77,177.64,177.96,177.46,-0.01%,701490
2021-01-29,177.25,177.58,177.66,176.89,-0.29%,1150000
2021-02-01,177.22,177.36,177.42,176.97,-0.02%,635890
2021-02-02,176.75,177.13,177.23,176.63,-0.27%,876690
2021-02-03,176.47,176.60,176.70,176.35,-0.16%,761770
2021-02-04,176.32,176.35,176.57,176.10,-0.08%,848300
2021-02-05,176.17,176.28,176.48,175.63,-0.09%,977990
2021-02-08,176.12,175.96,176.23,175.61,-0.03%,643910
2021-02-09,176.21,176.10,176.36,175.92,0.05%,765000
2021-02-10,176.10,176.07,176.38,175.94,-0.06%,688200
2021-02-11,176.43,176.27,176.64,176.24,0.19%,656530
2021-02-12,175.97,176.39,176.53,175.77,-0.26%,758700
2021-02-15,175.23,175.65,175.70,175.15,-0.42%,670340
2021-02-16,174.80,175.24,175.45,174.49,-0.25%,1050000
2021-02-17,175.04,174.45,175.14,174.38,0.14%,1150000
2021-02-18,174.68,175.12,175.26,174.38,-0.21%,1020000
2021-02-19,174.18,174.64,174.70,173.98,-0.29%,944860
2021-02-22,174.72,173.95,175.02,173.58,0.31%,1270000
2021-02-23,174.35,174.57,174.65,173.82,-0.21%,1180000
2021-02-24,174.04,174.49,174.57,173.65,-0.18%,1150000
2021-02-25,173.06,174.21,174.25,172.08,-0.56%,1700000.00
2021-02-26,173.40,172.11,173.91,172.11,0.20%,1500000.00
2021-03-01,174.56,174.02,174.75,173.77,0.67%,1150000
2021-03-02,174.67,174.75,174.93,174.14,0.06%,1420000
2021-03-03,173.95,174.93,174.97,173.75,-0.41%,1440000
2021-03-04,174.27,173.79,174.51,173.71,0.18%,938860
2021-03-05,174.00,173.69,174.28,173.63,-0.15%,209170
2021-03-08,174.01,173.95,174.00,173.71,0.01%,15500
2021-03-09,171.23,170.93,171.70,170.83,-1.60%,740720
2021-03-10,171.32,171.38,171.53,171.07,0.05%,588850
2021-03-11,171.64,171.43,172.20,171.30,0.19%,986920
2021-03-12,171.12,171.62,171.65,171.05,-0.30%,733600
2021-03-15,171.78,171.32,171.87,171.20,0.39%,653500
2021-03-16,171.78,171.77,172.00,171.64,0.00%,689010
2021-03-17,171.08,171.68,171.80,170.98,-0.41%,817350
2021-03-18,170.72,171.44,171.47,170.52,-0.21%,960180
2021-03-19,171.22,170.96,171.43,170.93,0.29%,664880
2021-03-22,171.49,171.30,171.80,171.23,0.16%,584360
2021-03-23,171.92,171.54,172.17,171.42,0.25%,775980
2021-03-24,172.17,172.19,172.44,171.93,0.15%,700320
2021-03-25,172.58,172.30,172.66,172.15,0.24%,641250
2021-03-26,172.12,172.56,172.58,171.91,-0.27%,628460
2021-03-29,171.62,172.08,172.34,171.45,-0.29%,623820
2021-03-30,171.00,171.53,171.56,170.71,-0.36%,932150
2021-03-31,171.28,171.14,171.40,170.88,0.16%,771110
2021-04-01,171.83,171.10,171.86,171.07,0.32%,571200
2021-04-02,171.73,171.73,171.73,171.73,-0.06%,
2021-04-06,171.68,171.55,171.89,171.32,-0.03%,595430
2021-04-07,171.67,171.67,172.06,171.60,-0.01%,666400
2021-04-08,171.89,171.67,172.12,171.63,0.13%,573510
2021-04-09,171.37,171.98,172.07,171.15,-0.30%,734480
2021-04-12,171.30,171.25,171.87,171.23,-0.04%,664710
2021-04-13,171.26,171.22,171.54,170.98,-0.02%,852160
2021-04-14,170.87,171.57,171.62,170.66,-0.23%,748300
2021-04-15,171.33,170.66,171.52,170.60,0.27%,775720
2021-04-16,170.91,171.28,171.31,170.77,-0.25%,647840
2021-04-19,170.48,170.94,171.07,170.17,-0.25%,819390
2021-04-20,170.74,170.38,170.93,170.09,0.15%,820260
2021-04-21,170.88,170.82,171.12,170.61,0.08%,697040
2021-04-22,170.94,171.02,171.27,170.53,0.04%,845850
2021-04-23,170.83,171.02,171.13,170.67,-0.06%,617360
2021-04-26,170.83,170.75,170.95,170.46,0.00%,576130
2021-04-27,170.76,170.75,170.91,170.51,-0.04%,564460
2021-04-28,170.48,170.59,170.67,170.04,-0.16%,803040
2021-04-29,169.88,170.61,170.64,169.66,-0.35%,929250
2021-04-30,170.00,169.79,170.19,169.77,0.07%,746520
2021-05-03,170.16,169.98,170.34,169.47,0.09%,611310
2021-05-04,170.66,170.15,170.80,169.89,0.29%,877240
2021-05-05,170.47,170.62,170.64,170.20,-0.11%,705690
2021-05-06,170.59,170.57,170.88,170.23,0.07%,823070
2021-05-07,170.47,170.43,170.98,170.20,-0.07%,1000000.00
2021-05-10,170.29,170.18,170.32,169.97,-0.11%,561910
2021-05-11,169.45,170.13,170.25,169.39,-0.49%,997630
2021-05-12,168.94,169.42,169.77,168.83,-0.30%,964250
2021-05-13,168.89,168.80,169.08,168.59,-0.03%,801720
2021-05-14,168.98,169.02,169.21,168.77,0.05%,739610
2021-05-17,168.86,169.13,169.35,168.67,-0.07%,778720
2021-05-18,168.82,168.83,169.14,168.69,-0.02%,842700
2021-05-19,168.90,168.76,169.12,168.29,0.05%,1010000
2021-05-20,168.84,168.63,168.92,168.48,-0.04%,705690
2021-05-21,169.14,168.82,169.31,168.75,0.18%,770580
2021-05-24,169.32,169.18,169.41,169.02,0.11%,465550
2021-05-25,169.69,169.37,169.92,169.29,0.22%,819330
2021-05-26,170.29,169.88,170.40,169.69,0.35%,872000
2021-05-27,169.79,170.30,170.38,169.68,-0.29%,784830
2021-05-28,169.94,169.81,170.08,169.53,0.09%,731710
2021-05-31,169.94,169.87,170.08,169.48,0.00%,487140
2021-06-01,169.83,170.06,170.15,169.68,-0.06%,1180000
2021-06-02,170.15,169.92,170.20,169.88,0.19%,1330000
2021-06-03,169.94,170.17,170.20,169.81,-0.12%,1170000
2021-06-04,170.33,169.90,170.43,169.84,0.23%,753540
2021-06-07,170.12,170.29,170.40,170.05,-0.12%,156250
2021-06-08,170.23,170.15,170.35,170.09,0.06%,16190
2021-06-09,172.56,172.11,172.85,172.08,1.37%,715680
2021-06-10,172.53,172.55,172.88,171.97,-0.02%,796970
2021-06-11,172.88,172.87,173.16,172.79,0.20%,570970
2021-06-14,172.64,172.91,173.04,172.52,-0.14%,440450
2021-06-15,172.32,172.62,172.80,172.25,-0.19%,686030
2021-06-16,172.53,172.30,172.66,171.91,0.12%,555130
2021-06-17,172.44,171.97,172.70,171.80,-0.05%,802660
2021-06-18,172.60,172.47,172.88,172.36,0.09%,826460
2021-06-21,172.16,172.69,173.03,171.93,-0.25%,770500
2021-06-22,171.95,172.12,172.20,171.67,-0.12%,677710
2021-06-23,172.17,172.02,172.46,171.76,0.13%,686920
2021-06-24,172.33,172.21,172.39,171.88,0.09%,573160
2021-06-25,171.77,172.24,172.30,171.68,-0.32%,551490
2021-06-28,172.26,171.79,172.34,171.71,0.29%,496380
2021-06-29,172.07,172.25,172.33,171.86,-0.11%,666530
2021-06-30,172.61,172.13,172.74,171.98,0.31%,724060
2021-07-01,172.54,172.50,172.69,172.22,-0.04%,666570
2021-07-02,173.09,172.62,173.19,172.54,0.32%,692350
2021-07-05,172.70,173.12,173.18,172.65,-0.23%,344340
2021-07-06,173.60,172.72,173.65,172.49,0.52%,753360
2021-07-07,174.02,173.60,174.27,173.46,0.24%,782430
2021-07-08,174.34,174.16,174.77,174.09,0.18%,892130
2021-07-09,173.90,174.16,174.32,173.87,-0.25%,552530
2021-07-12,174.05,173.91,174.32,173.91,0.09%,456600
2021-07-13,174.12,174.05,174.31,173.70,0.04%,802450
2021-07-14,174.34,173.72,174.49,173.70,0.13%,612530
2021-07-15,174.58,174.55,174.90,174.45,0.14%,623770
2021-07-16,174.87,174.86,175.04,174.65,0.17%,451480
2021-07-19,175.52,175.15,175.72,175.02,0.37%,742940
2021-07-20,175.85,175.48,176.28,175.41,0.19%,912580
2021-07-21,175.53,175.77,176.11,175.41,-0.18%,755380
2021-07-22,175.94,175.54,176.15,175.24,0.23%,695780
2021-07-23,175.81,175.90,175.97,175.56,-0.07%,476080
2021-07-26,175.83,176.00,176.42,175.62,0.01%,541470
2021-07-27,176.26,175.88,176.37,175.82,0.24%,503700
2021-07-28,176.41,176.27,176.66,176.20,0.09%,628190
2021-07-29,176.44,176.57,176.67,176.03,0.02%,594920
2021-07-30,176.57,176.54,176.73,176.29,0.07%,584900
2021-08-02,176.82,176.55,177.07,176.35,0.14%,504550
2021-08-03,176.97,176.82,177.12,176.67,0.08%,459060
2021-08-04,176.94,177.01,177.52,176.85,-0.02%,661160
2021-08-05,177.29,177.16,177.61,177.05,0.20%,561190
2021-08-06,176.50,177.20,177.27,176.47,-0.45%,580950
2021-08-09,176.52,176.45,176.91,176.39,0.01%,405680
2021-08-10,176.59,176.60,176.95,176.41,0.04%,451130
2021-08-11,176.57,176.55,176.83,176.21,-0.01%,579580
2021-08-12,176.58,176.76,176.77,176.35,0.01%,416080
2021-08-13,176.64,176.52,176.80,176.29,0.03%,394180
2021-08-16,176.80,176.86,177.07,176.48,0.09%,468510
2021-08-17,176.80,176.75,177.24,176.68,0.00%,510270
2021-08-18,176.92,176.81,177.08,176.71,0.07%,430200
2021-08-19,177.04,177.01,177.24,176.86,0.07%,518030
2021-08-20,177.15,177.02,177.22,176.99,0.06%,318420
2021-08-23,176.89,177.10,177.16,176.56,-0.15%,507280
2021-08-24,176.83,176.93,177.08,176.66,-0.03%,518080
2021-08-25,175.98,176.77,176.87,175.91,-0.48%,811470
2021-08-26,175.93,175.91,176.14,175.71,-0.03%,736490
2021-08-27,175.99,175.86,176.11,175.66,0.03%,540730
2021-08-30,176.28,176.11,176.40,175.83,0.16%,387010
2021-08-31,175.45,176.46,176.48,175.34,-0.47%,996210
2021-09-01,175.23,175.35,175.50,174.98,-0.13%,1140000
2021-09-02,175.47,175.23,175.65,175.20,0.14%,1460000
2021-09-03,175.17,175.42,175.64,174.90,-0.17%,1170000
2021-09-06,175.25,175.09,175.27,174.90,0.05%,512630
2021-09-07,174.49,175.10,175.18,174.36,-0.43%,186560
2021-09-08,174.60,174.44,174.71,174.33,0.06%,9310
2021-09-09,172.28,171.69,172.48,171.59,-1.33%,763550
2021-09-10,171.88,172.44,172.46,171.71,-0.23%,521580
2021-09-13,171.80,171.71,171.92,171.62,-0.05%,418820
2021-09-14,171.91,171.70,172.12,171.33,0.06%,807830
2021-09-15,171.57,171.86,172.07,171.34,-0.20%,727410
2021-09-16,171.43,171.48,171.53,171.10,-0.08%,684750
2021-09-17,171.00,171.20,171.32,170.81,-0.25%,675360
2021-09-20,171.55,171.01,171.84,170.99,0.32%,702850
2021-09-21,171.74,171.70,171.96,171.27,0.11%,652920
2021-09-22,171.74,171.69,171.93,171.41,0.00%,584540
2021-09-23,170.70,171.67,171.72,170.60,-0.61%,905350
2021-09-24,170.30,170.59,170.62,170.14,-0.23%,803940
2021-09-27,170.17,170.33,170.68,169.73,-0.08%,786120
2021-09-28,169.86,170.25,170.31,169.48,-0.18%,943320
2021-09-29,170.15,169.65,170.32,169.61,0.17%,737210
2021-09-30,169.82,170.12,170.19,169.56,-0.19%,942180
2021-10-01,170.22,170.03,170.53,169.92,0.24%,781480
2021-10-04,170.11,170.45,170.55,169.92,-0.06%,604570
2021-10-05,169.66,170.17,170.39,169.64,-0.26%,704300
2021-10-06,169.65,169.63,169.91,169.12,-0.01%,923810
2021-10-07,169.71,169.53,170.00,169.40,0.04%,706340
2021-10-08,169.22,169.55,169.69,169.11,-0.29%,832290
2021-10-11,168.78,169.10,169.11,168.57,-0.26%,547630
2021-10-12,168.41,168.83,169.00,168.21,-0.22%,1070000
2021-10-13,168.94,168.34,169.12,168.31,0.31%,1130000
2021-10-14,169.65,168.86,169.92,168.64,0.42%,984020
2021-10-15,169.56,169.84,169.84,169.17,-0.05%,670470
2021-10-18,169.11,169.22,169.30,168.64,-0.27%,913620
2021-10-19,168.54,169.08,169.48,168.34,-0.34%,846460
2021-10-20,168.71,168.26,168.87,168.08,0.10%,678200
2021-10-21,168.25,168.50,168.80,167.92,-0.27%,722500
2021-10-22,168.28,167.90,168.55,167.84,0.02%,758780
2021-10-25,168.65,168.44,168.68,168.07,0.22%,583710
2021-10-26,168.69,168.56,168.97,168.40,0.02%,630950
2021-10-27,169.54,168.78,169.83,168.51,0.50%,958580
2021-10-28,169.06,169.61,169.65,168.29,-0.28%,1270000
2021-10-29,168.12,168.95,168.98,167.71,-0.56%,1350000
2021-11-01,168.15,168.18,168.56,167.69,0.02%,740860
2021-11-02,169.33,168.39,169.36,168.31,0.70%,875010
2021-11-03,169.34,169.25,169.70,168.98,0.01%,803100
2021-11-04,170.21,169.17,170.33,169.03,0.51%,894290
2021-11-05,171.07,170.16,171.24,170.06,0.51%,850910
2021-11-08,170.69,171.10,171.12,170.43,-0.22%,556850
2021-11-09,171.25,170.60,171.44,170.52,0.33%,709920
2021-11-10,170.69,171.26,171.38,170.27,-0.33%,843970
2021-11-11,170.42,170.41,170.87,170.21,-0.16%,582160
2021-11-12,170.85,170.50,171.07,170.32,0.25%,676530
2021-11-15,170.75,171.01,171.40,170.42,-0.06%,628910
2021-11-16,170.77,170.54,170.86,170.36,0.01%,618970
2021-11-17,170.77,170.62,170.97,170.55,0.00%,537000
2021-11-18,171.24,170.94,171.38,170.88,0.28%,640490
2021-11-19,172.32,171.21,172.42,171.00,0.63%,891760
2021-11-22,171.77,172.19,172.57,171.53,-0.32%,644230
2021-11-23,170.81,171.68,171.70,170.56,-0.56%,784690
2021-11-24,170.54,170.74,171.18,170.31,-0.16%,793130
2021-11-25,170.98,170.60,171.06,170.60,0.26%,349080
2021-11-26,172.34,171.19,172.46,171.14,0.80%,879090
2021-11-29,172.02,172.03,172.38,171.65,-0.19%,671180
2021-11-30,172.37,171.99,172.71,171.84,0.20%,1020000
2021-12-01,172.07,172.19,172.59,171.63,-0.17%,1050000
2021-12-02,172.75,172.47,173.06,172.12,0.40%,1420000
2021-12-03,172.77,172.83,173.14,172.41,0.01%,1120000
2021-12-06,172.91,172.92,173.01,172.60,0.08%,662450
2021-12-07,172.53,172.69,172.79,172.27,-0.22%,117810
2021-12-08,172.86,172.54,172.96,172.40,0.19%,8240
2021-12-09,174.19,173.59,174.31,173.44,0.77%,464440
2021-12-10,174.24,174.13,174.27,173.78,0.03%,448420
2021-12-13,174.68,173.91,174.70,173.89,0.25%,359930
2021-12-14,174.46,174.64,174.75,174.18,-0.13%,394660
2021-12-15,174.32,174.39,174.56,174.04,-0.08%,403490
2021-12-16,174.05,174.09,174.44,173.43,-0.15%,667660
2021-12-17,174.43,174.25,174.66,174.08,0.22%,405410
2021-12-20,174.42,174.74,174.94,174.09,-0.01%,403160
2021-12-21,173.31,174.23,174.44,173.23,-0.64%,476940
2021-12-22,173.14,173.47,173.52,172.77,-0.10%,362640
2021-12-23,172.43,173.17,173.19,172.28,-0.41%,371680
2021-12-24,172.54,172.54,172.54,172.54,0.06%,
2021-12-27,172.41,172.48,172.64,172.08,-0.08%,180060
2021-12-28,172.36,172.36,172.47,172.09,-0.03%,189530
2021-12-29,171.51,172.31,172.42,171.31,-0.49%,325490
2021-12-30,171.37,171.42,171.79,171.31,-0.08%,314730
2022-01-03,170.74,171.36,171.53,170.55,-0.37%,492410
2022-01-04,170.81,170.69,171.17,170.50,0.04%,717150
2022-01-05,170.75,170.75,170.93,170.53,-0.04%,639220
2022-01-06,170.34,170.53,170.61,169.95,-0.24%,762900
2022-01-07,170.00,170.45,170.53,169.88,-0.20%,613340
2022-01-10,169.96,169.96,170.21,169.71,-0.02%,679200
2022-01-11,169.79,169.92,170.20,169.57,-0.10%,771350
2022-01-12,170.22,169.87,170.51,169.74,0.25%,800920
2022-01-13,170.71,170.08,171.00,169.86,0.29%,722580
2022-01-14,170.08,170.83,170.95,169.87,-0.37%,708780
2022-01-17,169.65,169.80,169.92,169.53,-0.25%,377170
2022-01-18,169.57,169.67,169.81,169.31,-0.05%,737050
2022-01-19,169.38,169.30,169.54,168.95,-0.11%,772800
2022-01-20,169.74,169.28,169.94,169.21,0.21%,614300
2022-01-21,170.29,170.00,170.63,169.92,0.32%,704570
2022-01-24,170.87,170.23,171.07,170.10,0.34%,740080
2022-01-25,170.66,170.62,170.89,170.26,-0.12%,794720
2022-01-26,170.35,170.34,170.58,169.66,-0.18%,685630
2022-01-27,170.16,169.78,170.42,169.67,-0.11%,788200
2022-01-28,170.02,170.21,170.22,169.42,-0.08%,783920
2022-01-31,169.11,169.91,169.93,168.81,-0.54%,935280
2022-02-01,168.76,169.03,169.54,168.65,-0.21%,791630
2022-02-02,168.66,168.81,169.17,168.41,-0.06%,759460
2022-02-03,166.90,168.76,168.81,166.84,-1.04%,1310000
2022-02-04,166.02,166.89,167.00,165.72,-0.53%,1270000
2022-02-07,165.60,166.07,166.49,165.38,-0.25%,1080000
2022-02-08,165.18,165.71,166.11,165.03,-0.25%,1090000
2022-02-09,165.86,165.33,166.01,165.33,0.41%,870190
2022-02-10,164.94,165.80,165.96,164.37,-0.55%,1110000
2022-02-11,164.95,164.71,166.46,164.48,0.01%,965980
2022-02-14,165.23,165.89,166.38,164.95,0.17%,942670
2022-02-15,164.54,165.44,165.53,164.42,-0.42%,942120
2022-02-16,165.23,164.75,165.47,164.34,0.42%,805450
2022-02-17,165.84,165.35,166.08,165.14,0.37%,836750
2022-02-18,166.34,166.20,166.74,165.61,0.30%,678080
2022-02-21,166.26,166.77,166.97,165.80,-0.05%,633560
2022-02-22,165.70,166.92,167.17,165.16,-0.34%,1040000
2022-02-23,165.99,165.65,166.17,165.39,0.18%,764910
2022-02-24,166.93,166.18,168.01,166.01,0.57%,1190000
2022-02-25,166.15,166.63,167.20,165.87,-0.47%,853800
2022-02-28,167.04,167.03,168.00,166.25,0.54%,969080
2022-03-01,170.30,167.75,171.12,167.31,1.95%,1790000
2022-03-02,169.38,170.45,170.85,169.01,-0.54%,1500000.00
2022-03-03,169.20,169.55,169.75,168.46,-0.11%,1520000
2022-03-04,170.96,169.54,171.22,169.17,1.04%,926180
2022-03-07,169.90,171.35,171.66,169.61,-0.62%,155380
2022-03-08,168.49,169.71,170.12,168.23,-0.83%,10850
2022-03-09,163.58,164.96,165.29,163.38,-2.91%,850510
2022-03-10,162.78,163.63,164.43,162.02,-0.49%,961960
2022-03-11,162.44,162.94,163.20,162.01,-0.21%,647560
2022-03-14,161.21,162.46,162.73,161.14,-0.76%,605350
2022-03-15,161.97,161.34,162.05,160.90,0.47%,617480
2022-03-16,161.07,161.63,161.81,160.56,-0.56%,690100
2022-03-17,161.01,161.16,161.69,160.68,-0.04%,715290
2022-03-18,161.37,161.19,161.77,160.76,0.22%,490020
2022-03-21,160.30,161.26,161.34,159.77,-0.66%,526100
2022-03-22,159.43,159.99,159.99,159.07,-0.54%,790430
2022-03-23,159.80,159.39,160.31,159.06,0.23%,656780
2022-03-24,159.26,160.05,160.26,158.73,-0.34%,737860
2022-03-25,158.65,159.15,159.64,158.08,-0.38%,657960
2022-03-28,158.32,158.47,158.67,157.65,-0.21%,694000
2022-03-29,157.37,158.22,158.33,156.05,-0.60%,916300
2022-03-30,157.16,157.53,158.06,156.37,-0.13%,878660
2022-03-31,158.66,157.04,159.05,156.90,0.95%,999820
2022-04-01,158.35,158.55,158.89,157.71,-0.20%,816140
2022-04-04,159.10,158.50,159.79,158.12,0.47%,772120
2022-04-05,157.73,159.31,159.42,157.62,-0.86%,832870
2022-04-06,157.24,157.76,157.78,156.84,-0.31%,818430
2022-04-07,156.83,157.59,157.87,156.40,-0.26%,911680
2022-04-08,156.57,157.01,157.29,156.26,-0.17%,648080
2022-04-11,155.03,156.13,156.19,154.93,-0.98%,738450
2022-04-12,155.36,154.75,155.76,154.27,0.21%,820620
2022-04-13,155.86,155.10,155.91,154.51,0.32%,759540
2022-04-14,154.95,155.48,156.17,154.63,-0.58%,814990
2022-04-15,154.71,154.71,154.71,154.71,-0.15%,
2022-04-19,153.70,154.55,154.70,153.29,-0.65%,753450
2022-04-20,154.61,153.44,155.00,153.25,0.59%,773030
2022-04-21,153.80,154.57,154.66,153.28,-0.52%,852390
2022-04-22,153.25,153.47,153.92,153.05,-0.36%,732990
2022-04-25,154.89,153.14,155.26,153.11,1.07%,814830
2022-04-26,155.48,154.77,155.74,154.18,0.38%,786590
2022-04-27,155.46,155.45,155.83,154.82,-0.01%,779880
2022-04-28,154.15,155.35,156.00,154.02,-0.84%,961400
2022-04-29,153.59,154.44,154.69,153.43,-0.36%,979010
2022-05-02,153.49,153.61,154.19,153.23,-0.07%,421180
2022-05-03,153.67,153.34,154.10,152.66,0.12%,759380
2022-05-04,153.18,152.86,153.73,152.44,-0.32%,672880
2022-05-05,152.55,153.60,154.18,152.15,-0.41%,970860
2022-05-06,150.94,152.55,152.74,150.81,-1.06%,901940
2022-05-09,151.74,151.01,152.01,150.49,0.53%,778270
2022-05-10,152.95,151.93,153.17,151.50,0.80%,787780
2022-05-11,152.91,152.64,153.86,151.87,-0.03%,1020000
2022-05-12,154.76,153.85,155.33,153.61,1.21%,1060000
2022-05-13,153.76,155.06,155.12,153.65,-0.65%,653540
2022-05-16,154.03,153.88,154.20,152.99,0.18%,611240
2022-05-17,152.54,153.72,153.74,152.33,-0.97%,863000
2022-05-18,152.94,152.58,153.06,151.89,0.26%,942440
2022-05-19,153.88,153.07,154.45,152.48,0.61%,935720
2022-05-20,153.93,153.60,154.22,153.16,0.03%,676710
2022-05-23,153.11,153.82,154.11,152.85,-0.53%,772390
2022-05-24,153.94,153.10,153.98,152.77,0.54%,940980
2022-05-25,153.92,153.55,154.43,153.48,-0.01%,802670
2022-05-26,153.26,153.86,154.74,153.19,-0.43%,783650
2022-05-27,153.74,153.31,154.14,153.22,0.31%,629940
2022-05-30,152.65,153.48,153.52,152.36,-0.71%,638120
2022-05-31,151.57,152.50,152.89,151.34,-0.71%,1550000
2022-06-01,151.01,151.53,151.85,150.78,-0.37%,1830000
2022-06-02,150.26,150.99,151.09,150.06,-0.50%,1140000
2022-06-03,149.63,150.13,150.35,149.57,-0.42%,875620
2022-06-06,148.95,149.75,150.13,148.91,-0.45%,578360
2022-06-07,149.53,148.99,149.62,148.68,0.39%,131190
2022-06-08,148.94,149.48,149.60,148.68,-0.39%,793360
2022-06-09,147.80,148.69,149.43,147.32,-0.77%,1040000
2022-06-10,146.98,147.74,148.51,146.61,-0.55%,956290
2022-06-13,145.18,146.71,147.19,144.19,-1.22%,1100000.00
2022-06-14,143.59,144.65,145.58,142.29,-1.10%,1260000
2022-06-15,144.61,142.73,145.51,142.25,0.71%,1290000